#1609,duran@livingeek.com,Thomas Duran
#1608,ricky.jimenez@live.com,Ricardo Jimenez
#1607,matthew.martori@gmail.com,Ethan Cruz
#1606,carriekuipers@yahoo.com,Carrie kuipers
#1605,nrgoode@cox.net,natalie goode
#1604,nrgoode@cox.net,nataloie goode
#1603,ramirez.venessa@yahoo.com,venessa ramirez
#1602,staceymarlin17@gmail.com,stacey marlin
#1600,stewart7335@gmail.com,Kathryn  Stewart
#1598,angela@nevernola.com,Angela Christensen
#1596,crazy.4planes@cox.net,Kristopher Glocksien
#1595,outreach@supportmyclub.org,Manual Order
#1594,tommyz9@cox.net,thomas zanella
#1590,sylviawaxman@gmail.com,Sylvia Waxman
#1588,miles@phoenixunion.org,Ann Miles
#1587,outreach@supportmyclub.org,Manual Order
#1585,jennifer@jenmccarthy.com,Jennifer McCarthy
#1584,beth.shindler@gmail.com,Beth Shindler
#1583,mrsjda@jdainvestments.com,JoAnn Armstrong
#1582,mrsjda@jdainvestments.com,JoAnn Armstrong
#1580,jirvlow@gmail.com,Joan LOwell
#1578,jda@jdainvestments.com,James Armstrong
#1577,erinnej@gmail.com,erinne wilkens
#1576,dgiannangelo@fusionwm.com,Dustin Giannangelo
#1575,gskeva@aol.com,gary shindler
#1573,kpn@tblaw.com,Kevin Nelson
#1572,hugopolancophotography@gmail.com,Hugo Polanco
#1571,hmwalsh4904@gmail.com,Heather Cracchiolo
#1570,hayton.j@hotmail.com,Jacob Hayton
#1569,maryannmarasco1@gmail.com,Mary Ann Marasco
#1568,maryannmarasco1@gmail.com,Mary Ann Marasco
#1567,clairepenneau@gmail.com,claire penneau
#1566,mjennings2020@gmail.com,Michael Jennings
#1563,catrina.taylor@gmail.com,Catrina Taylor
#1562,darlmarie1104@gmail.com,Darl Bachmann
#1560,sidnee2@hotmail.com,Sidnee Peck
#1558,suds4752@aol.com,Stephen Stingle
#1556,jda@jdainvestments.com,Jim Armstrong
#1554,hoover90@yahoo.com,Carmen Stearns
#1553,fennell1960@gmail.com,Christine ahern
#1551,patoaz@aol.com,Patricia Weeks
#1549,brandonscholtz1213@gmail.com,Brandon Scholtz
#1548,ray.trevizo@centurylink.net,ray trevizo
#1547,ddavis2@phoenixunion.org,Dawn Davis
#1546,chelle2909@yahoo.com,Michelle  Aleman
#1544,alex.bachmann@asu.edu,Alex Bachmann
#1543,ashczar@me.com,Ashley Czarnecki
#1542,darlbach@gmail.com,Darl Bachmann
#1540,outreach@supportmyclub.org,Manual Order
#1539,mcarlson@phoenixunion.org,Michael Carlson
#1536,wendyduenez@cox.net,Wendy Duenez
#1535,pparmend6@att.net,Patricia Armendariz
#1534,parmend6@att.net,patricia armendariz
#1532,ian3425@icloud.com,Ian McGaughey
#1531,lmcorprew@gmail.com,Lisa Corprew
#1513,mrsjda@jdainvestments.com,JoAnn Armstrong 
#1510,kristen.gowenmac@gmail.com,Kristen GowenMacDonald
#1509,blues779@gmail.com,Rishi Patel
#1508,szymeczeks@fhasd.org,Suzanne Szymeczek
#1507,outreach@supportmyclub.org,Manual Order
#1506,outreach@supportmyclub.org,Manual Order
#1504,amydarmstrong@gmail.com,Amy Armstrong
#1502,lmcorprew@gmail.com,Lisa Corprew
#1501,amandaweisberg@gmail.com,Amanda Weisberg
#1500,meghan@keasylock.com,Meghan Martinez
#1499,heardgroup5@googlemail.com,Philip Heard
#1497,britnydelp@gmail.com,Britny Delp
#1492,jancoski@phoenixunion.org,Heather Jancoski
#1491,F16bwana@aol.com,Cynthia Breedlove
#1488,bd20az@gmail.com,Beth Driscoll
#1487,gdfox57@verizon.net,Geralynn Fox
#1485,nonsequitr60@gmail.com,Darlene Tester
#1484,weaver.kerns@gmail.com,Gretchen Kerns
#1483,outreach@supportmyclub.org,Amy Armstrong
#1481,kalleyfaulkner@yahoo.com,Kalley Faulkner
#1480,suzer22@earthlink.net,Susan Stjohn
#1479,patrentacoste@gmail.com,Peter Trentacoste
#1477,outreach@supportmyclub.org,Jennifer Hall
#1476,jancoski@phoenixunion.org,Heather Jancoski
#1475,jhall1@phoenixunion.org,Jennifer Hall
#1474,bburchard@tempeunion.org,Brittany Burchard
#1473,piazza-palotto@phoenixunion.org,Maria Piazza Palotto
#1470,jda@jdainvestments.com,James Armstrong
#1467,albones1@cox.net,Allison Bones
#1466,hmwalsh4904@gmail.com,Heather Cracchiolo
#1465,lnmcdonald@gmail.com,Linda McDonald
#1463,lmcorprew@gmail.com,Lisa Corprew
#1462,mrsjda@jdainvestments.com,JoAnn Armstrong 
#1460,jda@jdainvestments.com,James Armstrong
#1459,markmoranaudio@gmail.com,Mark Moran
#1458,kelly.thwaites@quarles.com,Kelly Thwaites
#1457,nicole.stanton@quarles.com,Nicole Stanton
#1456,lauraarellano82@gma.com,laura arellano
#1454,ridge001@hotmail.com,Rachel Enger
#1453,shannon1monica1@yahoo.com,Shannon Smith
#1452,maryannmarasco1@gmail.com,Mary Ann Marasco
#1451,jda@jdainvestments.com,James Armstrong
#1450,aestrada3262@gmail.com,Angelica  Estrada 
#1449,pearl.c.esau@gmail.com,Pearl Esau
#1447,mrsjda@jdainvestments.com,Jo-Ann Armstrong 
#1446,patrick@jdainvestments.com,Patrick Armstrong
#1443,sford5@cox.net,Susan Ford
#1440,courtklein@gmail.com,Courtney Klein
#1439,Brooke.Rendon13@gmail.com,Brooke Rendon
#1438,Kaye.schmitt@gmail.com,Kaye Schmitt
#1436,nedrastuckey@hotmail.com,Nedra Stuckey
#1435,amydarmstrong@gmail.com,Amy Armstrong
#1434,maryannmarasco1@gmail.com,Maryann Marasco
#1433,Megan.belasco@gmail.com,Megan Belasco
#1432,rialclark@gmail.com,Rial Richardson
#1431,tabethabruns@hotmail.com,Tabetha Heard
#1430,sentari.minor@gmail.com,Sentari Minor
#1429,mrsjda@jdainvestments.com,JoAnn Armstrong 
#1428,tabethabruns@hotmail.com,Tabetha Heard
#1427,Chelsie.Hancock@asu.edu,Chelsie Hancock
#1426,cvandervort@svpaz.org,Cindy Vandervort
#1425,outreach@supportmyclub.org,Amy Armstrong
#1424,outreach@supportmyclub.org,Amy Armstrong
#1423,outreach@supportmyclub.org,Amy Armstrong
#1422,maryannmarasco1@gmail.com,Maryann Marasco
#1421,maryannmarasco1@gmail.com,Maryann Marasco
#1419,ian.t.danley@gmail.com,Ian Danley
#1418,bill@bishoplawoffice.com,William Bishop
#1417,dave@togetherunified.com,David Mason
#1416,jrdallasf16@yahoo.com,John Dallas
#1415,outreach@supportmyclub.org,Amy Armstrong
#1414,mona@axosoft.com,Mona Munoz
#1413,randydschiller@gmail.com,Randy Schiller
#1412,tjromaine@yahoo.com,Terrance Romaine
#1411,linnfamily@desertinet.com,Chris Linn
#1410,sford5@cox.net,Susan Ford
#1409,sandy@pearsonint.com,sandy martindale
#1408,patrick.armstrong@colorado.edu,Patrick Armstrong
#1407,outreach@supportmyclub.org,Amy Armstrong
#1406,outreach@supportmyclub.org,Amy Armstrong
#1405,rigo.eric@gmail.com,Eric Rodriguez
#1404,james@joejanus.com,James Plotnik
#1403,maryannmarasco1@gmail.com,Maryann Marasco
#1402,heidi@jannenga.com,Heidi Jannenga
#1401,sidnee2@hotmail.com,Sidnee Peck
#1400,lmcorprew@gmail.com,Lisa Corprew
#1399,awmanuel@chacewater.us,Alex Manuel
#1398,doberhamer@cox.net,Deborah Oberhamer
#1397,mrsjda@jdainvestments.com,Jo-Ann Armstrong
#1396,maryannmarasco1@gmail.com,Mary Ann Marasco
#1395,jirvlow@gmail.com,Joan Lowell
#1394,james@joejanus.com,James Plotnik
#1393,dshank@gmail.com,Dan Shankman
#1392,snrmachine@gmail.com,SNR Machine Co.
#1391,jda@jdainvestments.com,James  Armstrong
#1390,jennifer.jacob@henkel.com,Jen Jacob
#1388,outreach@supportmyclub.org,Amy Armstrong
#1387,amydarmstrong@gmail.com,Amy Armstrong
#1386,proxybuas@gmail.com,Jathryn Willis
#1385,outreach@supportmyclub.org,Amy Armstrong
#1384,sford5@cox.net,Susan Ford
#1383,sford5@cox.net,Susan Ford
#1382,outreach@supportmyclub.org,Heidi Janenga
#1381,outreach@supportmyclub.org,Amy Armstrong
#1380,becky.pitofsky@gmail.com,Rebecca Pitofsky
#1379,missysshack@aol.com,Missy Shackelford
#1378,kcmahoney@cox.net,Kathleen Stoll
#1377,sales@foresold.com,Foresold LLC
#1376,stanprescott@hotmail.com,Stanford Prescott
#1375,spease811@me.com,Suzanne Pease
#1373,clemency@cox.net,Carol Clemency
#1372,outreach@supportmyclub.org,Amy Armstrong
#1371,jenvollmann@gmail.com,Jennifer Vollmann
#1370,Scribner@PhoenixUnion.org,Kent Scribner
#1369,snrmachine@gmail.com,Mike Marasco
#1368,outreach@supportmyclub.org,Amy Armstrong
#1367,outreach@supportmyclub.org,Amy Armstrong
#1366,sford5@cox.net,Susan Ford
#1365,maryannmarasco1@gmail.com,Mary Ann Marasco
#1364,clemency@cox.net,Carol Clemency
#1363,maryannmarasco1@gmail.com,Mary Ann Marasco
#1362,kristen.gowenmac@gmail.com,Kristen GowenMacDonald
#1361,heidimmeyer@gmail.com,Heidi Meyer
#1360,carrie.l.james@gmail.com,Carrie James
#1359,sidnee2@hotmail.com,Sidnee Peck
#1358,sam.rawlins@gmail.com,Samuel Rawlins
#1357,jrdallasf16@yahoo.com,John Dallas
#1356,derigansilver@gmail.com,Derigan Silver
#1355,brian@bhgcreative.com,Brian Green
#1354,sales@supportmyclub.org,Amy Armstrong
#1353,sales@supportmyclub.org,Amy Armstrong
#1352,suds4752@aol.com,Stephen Stingle
#1351,heidi@jannenga.com,Heidi Jannenga
#1350,mfoster@bhgh.org,Mia Foster
#1349,rigo.eric@gmail.com,Eric Rodriguez
#1348,jirvlow@gmail.com,Joan Lowell
#1347,corinnperry@gmail.com,Corinn Perry
#1345,jirvlow@gmail.com,Joan Lowell
#1344,susancolin4@gmail.com,Susan Colin
#1343,starmanda@gmail.com,Amanda Cooke
#1341,sam_leblanc@yahoo.com,Samuel LeBlanc
#1340,mcdonald.sean@gmail.com,courtney klein
#1339,abruske@kolbe.com,Amy Bruske
#1338,mgelter99@midwestern.edu,Marianne Gelter
#1337,schristensen@hayscompanies.com,Sloan Christensen
#1336,sentari.minor@gmail.com,Sentari Minor
#1335,eljstanley@cox.net,Louis Stanley
#1334,tamikadavis8@hotmail.com,Tamika Davis
#1333,jamesc.hall@shaw.ca,James Hall
#1332,mrsjda@jdainvestments.com,JoAnn Armstrong
#1331,lmcorprew@gmail.com,Lisa Corprew
#1330,jda@jdainvestments.com,Jane Dacey
#1329,kallvin@asu.edu,Kimberly Allvin
#1328,pbarney@phoenixchildrens.com,Patricia Barney
#1326,lowellbritt@gmail.com,Bill Lowell-Britt
#1325,mlieberman@mac.com,Martha Lieberman
#1324,jda@jdainvestments.com,James Armstrong
#1323,tammy.mcleod@aps.com,Tammy McLeod
#1322,clemency@cox.net,Carol Clemency
#1321,suzhensing@gmail.com,Suzanne Hensing
#1320,maryannmarasco1@gmail.com,Mary Ann Marasco
#1318,fbueler@chasse.us,fred Bueler
#1316,tempearizona@hotmail.com,Mike  Griffin
#1315,geoff.ossias@dlapiper.com,Geoffrey Ossias
#1314,cclemency@gmail.com,Chrissie Clemency
#1313,clemency@cox.net,Carol Clemency
#1312,fpollack@finesword.com,Frieda Pollack
#1311,marionleigh@gmail.com,Marion Donaldson
#1310,bsarda@gmail.com,Bruno Sarda
#1309,tbode9@gmail.com,Timothy Bode
#1307,kpn@tblaw.com,Kevin  Nelson
#1306,jackmakesart@gmail.com,Alexandria Laughton
#1305,brooke_mulder@positivecoach.org,Brooke Mulder
#1304,doberhamer@cox.net,Deborah Oberhamer
#1303,james@joejanus.com,James Plotnik
#1302,stephanielaloggia@gmail.com,Stephanie and Bob La Loggia
#1301,amydarmstrong@gmail.com,Amy Armstrong
#1300,aspittler@awsrecruiting.com,Asher Spittler
#1299,sales@supportmyclub.org,Amy Armstrong
#1298,rob.mainieri@gmail.com,Robert Mainieri
#1297,candy.g@gpimail.com,Candice Gutierrez
#1296,nickit98@aol.com,Nicole Reyes
#1295,amydarmstrong@gmail.com,Amy Armstrong
#1294,amydarmstrong@gmail.com,Amy Armstrong
#1293,amydarmstrong@gmail.com,Amy Armstrong
#1292,outreach@supportmyclub.org,Outreach Support My Club
#1291,lmcorprew@gmail.com,Lisa Corprew
#1290,outreach@supportmyclub.org,Amy Armstrong
#1289,ron@meltmedia.com,Ron Barry
#1288,hmwalsh4904@gmail.com,Heather Cracchiolo
#1287,lmcorprew@gmail.com,Lisa Corprew
#1286,jrdallasf16@gmail.com,John Dallas
#1285,rigo.eric@gmail.com,Eric Rodriguez
#1284,clinn@feedingmatters.org,Chris Linn
#1283,maryannmarasco1@gmail.com,Mary Ann Marasco
#1282,rlove@tuhsd.k12.az.us,Rebecca Love
#1281,kinneyjohndavid@yahoo.com,John Kinney
#1280,cs_westerlund@hotmail.com,Sona Westerlund
#1279,snrmachine@gmail.com,Mike Marasco
#1278,Chelsie.Hancock@asu.edu,Chelsie Hancock
#1277,sam.rawlins@gmail.com,Samuel Rawlins
#1276,bhg@bhgcreative.com,Brian Green
#1275,outreach@supportmyclub.org,Support My Club
#1274,outreach@supportmyclub.org,Amy Armstrong
#1273,mattaltman9@gmail.com,Matt Altman
#1272,snrmachine@gmail.com,SNR Machine Co.
#1271,kristielesh@cox.net,Kristie Leshinskie
#1270,bhgcreative@mac.com,Brian Green
#1269,bhgcreative@mac.com,Brian Green
#1268,courtklein@gmail.com,Courtney Klein
#1267,outreach@supportmyclub.org,Support My Club
#1266,clemency@cox.net,Carol Clemency
#1265,outreach@supportmyclub.org,Support My Club
#1264,outreach@supportmyclub.org,Annie Middlemist
#1263,billherf@gmail.com,Bill Herf
#1262,billherf@gmail.com,William Herf
#1261,gskeva@aol.com,gary shindler
#1260,derigansilver@gmail.com,Derigan Silver
#1259,kooscarol@cox.net,Carol Cox
#1258,sales@supportmyclub.org,Amy Armstrong
#1257,outreach@supportmyclub.org,Amy Armstrong
#1256,outreach@supportmyclub.org,Amy armstrong
#1255,patrick.armstrong@colorado.edu,Patrick Armstrong
#1254,dmccoy2750_1@msn.com,Deborah McCoy
#1253,sam.rawlins@gmail.com,Samuel Rawlins
#1252,lmcorprew@gmail.com,Lisa Corprew
#1251,erinnej@gmail.com,erinne Wilkens
#1250,crazy.4planes@cox.net,Kristopher Glocksien
#1249,ctorres8@asu.edu,Crystal Torres
#1248,debclark@mchsi.com,Deb Clark
#1247,minniemorri@aol.com,Marcie Morrison
#1246,letimonje@gmail.com,Leticia Monje
#1245,kstarr@intesource.com,kelly Starr
#1244,amiddlemist@supportmyclub.org,Amy Armstrong
#1243,nikolee@cox.net,Nikolee Turner
#1242,tommyz9@cox.net,thomas zanella
#1241,alvarezdemitri@gmai.com,Demitri Alvarez
#1240,beth.shindler@gmail.com,Beth Shindler
#1239,erinnej@gmail.com,erinne Wilkens
#1238,mendozaalejandra2000@yahoo.com,Alejandra Mendoza
#1237,dster0527@msn.com,Deborah Sterling
#1236,gskeva@aol.com,gary shindler
#1235,oeystein@gunther.ac,Øystein Günther
#1234,Dmccoy2750_1@msn.com,Deborah McCoy
#1233,outreach@supportmyclub.org,Annie Middlemist
#1232,sales@supportmyclub.org,Amy Armstrong
#1231,sam.rawlins@gmail.com,Samuel Rawlins
#1230,maryannmarasco1@gmail.com,false
#1229,sales@supportmyclub.org,Middlemist
#1228,jirvlow@gmail.com,JOan Lowell
#1227,kaye.schmitt@gmail.com,Kaye Schmitt
#1226,twogan@svpaz.org,Terri Wogan
#1225,prokosch_daniel@yahoo.com,Daniel Prokosch
#1224,Kaye.schmitt@gmail.com,Kaye Schmitt
#1223,seadug77@Gmail.com,mike dugan
#1222,raydar670@gmail.com,Raymond Barakat
#1221,derigansilver@du.edu,Derigan Silver
#1220,stephenjcalderon@gmail.com,Stephen  Calderon 
#1219,george@unruh.com,George  Unruh 
#1218,julie.tempe.az@gmail.com,Julia Bourdo
#1217,jda@jdainvestments.com,James ARMSTRONG
#1216,outreach@supportmyclub.org,Annie Middlemist
#1215,sentari.minor@gmail.com,Sentari Minor
#1214,cs_westerlund@hotmail.com,Sona Westerlund
#1213,outreach@supportmyclub.org,Outreach Support My Club
#1212,starmanda@gmail.com,Amanda Cooke
#1211,lmcorprew@gmail.com,Lisa Corprew
#1210,sam@samuelrichard.org,Sam Richard
#1209,gwike@azfoundation.org,Glenn Wike
#1208,ssabel1@me.com,Susie Sabel
#1207,k-ccasa@cox.net,Leslie Kepler
#1206,ashleigh@socal.rr.com,Ashleigh Cole
#1204,larkin.kate@gmail.com,Katherine Larkin
#1203,schristensen@hayscompanies.com,Sloan Christensen
#1202,moneill@villamontessori.com,Margo O'Neill
#1201,ericamazzella@gmail.com,Erica Mazzella
#1200,outreach@supportmyclub.org,Outreach Support My Club
#1199,amydarmstrong@gmail.com,Amy Armstrong
#1198,bowen.jed@gmail.com,Jed Bowen
#1197,rigo.eric@gmail.com,Eric Rodriguez
#1196,cindyvand@cox.net,Cynthia  Vandervort
#1195,mike@seedspot.org,Michael Rudinsky
#1194,lowellbritt@gmail.com,Bill Lowell-Britt
#1193,chris.toward@gmail.com,Chris  Toward
#1192,rvmendiola@gmail.com,rebecca mendiola
#1191,pixie871@yahoo.com,Leigh Pendergrass
#1190,lmcorprew@gmail.com,Lisa Corprew
#1189,aspittler@awsrecruiting.com,Asher Spittler
#1188,paigep5@yahoo.com,Paige Perry
#1187,jesspeifer@gmail.com,Jessica Peifer
#1186,monica.warren@gmail.com,Monica Chapman
#1185,maryannmarasco1@gmail.com,Mary Ann Marasco
#1184,eunicevesa@yahoo.com,Eunice Vesa
#1183,courtklein@gmail.com,Courtney Klein
#1182,gabrielamatis09@yahoo.com,Gabriela Matis
#1181,chuck@cwwpc.com,Charles Whetstine
#1180,cclemency@gmail.com,Chrissie Clemency
#1179,sentari.minor@gmail.com,Sentari Minor
#1178,rickwest@carefreepartners.com,Richard  West III
#1177,enivel66@gmail.com,David Levine
#1176,susancolin4@gmail.com,Susan Colin
#1175,jirvlow@gmail.com,joan lowell
#1174,beckywolf850@cox.net,Ellen Wolf
#1173,linnfamily@desertinet.com,Chris Linn
#1172,jeffschapira@cox.net,Jeffrey Schapira
#1171,katie@donorschoose.org,Katie Bisbee
#1170,irfan.kaleem@gmail.com,irfan kaleem
#1169,alan@local-one.com,a a
#1168,jessrom1@gmail.com,Jess Roman
#1167,Billpearson43@yahoo.com,Bill Pearson
#1166,irfan.kaleem@gmail.com,irfan kaleem
#1165,amydarmstrong@gmail.com,Amy Armstrong
#1164,kerrimcwenie@gmail.com,Kerri McWenie
#1163,alan@local-one.com,Alan Earl
#1162,joe@swappow.com,joe dunnigan
#1161,krishpenumarty@yahoo.com,test test
#1160,test@test.com,test test
#1159,james@jamesplotnik.com,James Plotnik
#1158,maryannmarasco1@gmail.com,Mary Ann Marasco
#1157,test@test.com,test test
#1156,sam.rawlins@gmail.com,Samuel Rawlins
#1155,irfan.kaleem@gmail.com,irfan kaleem
#1154,Jessrom1@gmail.com,Jess Roman
#1153,Billpearson43@yahoo.com,Bill Pearson
#1152,michael.h.hiralez@intel.com,Michael Hiralez
#1151,annbettsporter@gmail.com,Ann Porter
#1150,cafarochris@yahoo.com,Chris Cafaro
#1149,alan.earl@local-one.com,alan earl
#1148,kmyers@thephxzoo.com,Kelly Myers
#1147,lmcorprew@gmail.com,Lisa Corprew
#1146,beckywolf850@cox.net,Doris  Roper
#1145,beckywolf850@cox.net,Becky Wolf
#1144,htn602@yahoo.com,Hieu Nguyen
#1143,outreach@supportmyclub.org,Outreach Support My Club
#1142,missysshack@aol.com,Missy Shackelford
#1141,amydarmstrong@gmail.com,Amy Armstrong
#1140,amydarmstrong@gmail.com,Amy Armstrong
#1139,outreach@supportmyclub.org,Outreach Support My Club
#1138,oscarocarter@gmail.com,Oscar Carter
#1137,becky.pitofsky@gmail.com,Rebecca Pitofsky
#1136,jaimie.stoltzfus@gmail.com,Jaimie Stoltzfus
#1135,starmanda@gmail.com,Amanda Cooke
#1134,hksiazek@gmail.com,Heather Ksiazek
#1133,amydarmstrong@gmail.com,Amy Armstrong
#1132,amydarmstrong@gmail.com,Amy Armstrong
#1131,amydarmstrong@gmail.com,Amy Armstrong
#1130,amydarmstrong@gmail.com,Amy Armstrong
#1129,amydarmstrong@gmail.com,Amy Armstrong
#1128,amydarmstrong@gmail.com,Amy Armstrong
#1127,amydarmstrong@gmail.com,Amy Armstrong
#1126,amydarmstrong@gmail.com,Amy Armstrong
#1125,serena.gianna@gmail.com,Gianna Serena
#1124,paigep5@yahoo.com,Paige Perry
#1123,zepul8@msn.com,sharon miller
#1122,outreach@supportmyclub.org,Outreach Support My Club
#1121,loragolke@cox.net,Lora Golke
#1120,jda@jdainvestments.com,James ARMSTRONG
#1119,outreach@supportmyclub.org,Outreach Support My Club
#1118,missy.sherburne@gmail.com,Michele Sherburne
#1117,sgolston@ncss.org,Syd Golston
#1116,jda@jdainvestments.com,James ARMSTRONG
#1115,lmcorprew@gmail.com,Lisa Corprew
#1114,khoffman@supportmyclub.org,Kelly Hoffman
#1113,jason@jrmenvironmental.com,Jason Marshall
#1112,jennifer@jenmccarthy.com,Jennifer McCarthy
#1111,erika@erikasahagun.com,Erika  Dickey
#1110,gil@gillenwater.biz,Gil Gilenwater
#1109,kk@kimkroger.com,kim kroger
#1108,lizy@blalliance.com,Elizabeth Hoeffer
#1107,heidimmeyer@gmail.com,Heidi Meyer
#1106,maryannmarasco1@gmail.com,Mary Ann Marasco
#1105,jonathan@homeowner-now.com,Jonathan  Miller
#1104,jim@galvanize.it,James Deters
#1103,doberhamer@cox.net,Deborah Oberhamer
#1102,kmyers@thephxzoo.com,Kelly Myers
#1101,lawrence@galvanize.it,Lawrence Mandes
#1100,gwike@azfoundation.org,Glenn Wike
#1099,chris@galvanize.it,Chris Onan
#1097,habouki2@gmail.com,Hayfa Aboukier
#1098,stephanieparra08@gmail.com,Stephanie Parra
#1096,chadgestson@yahoo.com,Chad Gestson
#1095,jodisarda@gmail.com,Jodi Sarda
#1094,courtklein@gmail.com,Courtney Klein
#1093,mike@seedspot.org,michael rudinsky
#1092,collumm29@gmail.com,Mary Collum
#1091,brent.mekosh@mekoshfinancial.com,Brent Mekosh
#1090,paigep5@yahoo.com,Paige Perry
#1089,beckkywolf850@cox.net,Becky Wolf
#1088,clinn@feedingmatters.org,Chris Linn
#1087,maryannmarasco1@gmail.com,Mary Ann Marasco
#1086,Scribner@PhoenixUnion.org,Kent Scribner
#1085,missy.sherburne@gmail.com,Michele Sherburne
#1084,cpetroff@gpec.org,Chris Petroff
#1083,khoffman@supportmyclub.org,Kelly Hoffman
#1082,jirvlow@gmail.com,Joan LOwell
#1081,khoffman@supportmyclub.org,Kelly Hoffman
#1080,jennifer@jenmccarthy.com,Jennifer McCarthy
#1079,Sybil.Francis@asu.edu,Sybil Francis
#1078,Sybil.Francis@asu.edu,Sybil Francis
#1077,patrickjarmstrong@gmail.com,Patrick Armstrong
#1076,amydarmstrong@gmail.com,Amy Armstrong
#1075,amydarmstrong@gmail.com,Amy Armstrong
#1069,kcpayne@comcast.net,Kevin Payne
#1068,kellyahoffman@gmail.com,Kelly Hoffman
#1067,amydarmstrong@gmail.com,Amy Armstrong
#1066,kristen.gowenmac@gmail.com,Kristen GowenMacDonald
#1065,julie.tempe.az@gmail.com,Julia  Bourdo
#1064,rosyja@mail.com,Egencia Freeman
#1063,mrsjda@jdainvestments.com,Jo-Ann Armstrong
#1062,kooscarol@cox.net,Carol Cox
#1061,oviedosilvia@hotmail.com,silvia oviedo
#1060,jschindel26@gmail.com,James Schindel
#1059,codymagnums@gmail.com,Cody King
#1058,alex.john@hotmail.com,Alex John
#1057,deon.ceo1@gmail.com,Deon Clark
#1056,mekarabats@aol.com,Maurine E Karabatsos
#1055,grahammcbain@gmail.com,Graham McBain
#1054,acfancypants@gmail.com,Alissa Clark
#1053,amesa123@gmail.com,anthony mesa
#1052,ron@meltmedia.com,Justin Grossman
#1051,jrmacmail@gmail.com,James Robbins
#1050,ecstevens2@gmail.com,Eric Stevens
#1049,jonathan@homeowner-now.com,Jonathan  Miller
#1048,darrell.niedzwiecki@henkel.com,Darrell Niedzwiecki
#1047,lstanley@rioradio.org,Louis Stanley
#1046,rrussano@gmail.com,Robert Russano
#1045,Jim.Lindsey@mac.com,James Lindsey
#1044,myers.matthew.e@gmail.com,Matthew Myers
#1043,bucovina@aol.com,cornel ilioi
#1042,aaron.rocha4@colonyamerican.com,Aaron Rocha
#1041,lyndzeb@terralever.com,Lyndze Blosser
#1040,amydarmstrong@gmail.com,Amy Armstrong
#1039,courtklein@gmail.com,Courtney Klein
#1038,rlkoury@yahoo.com,Rebecca Koury
#1037,chadgestson@yahoo.com,Chad Gestson
#1036,davidf@terralever.com,David Foster
#1035,davidf@terralever.com,David Foster
#1034,davidf@terralever.com,David Foster
#1033,davidf@terralever.com,David Foster
#1032,davidf@terralever.com,David Foster
#1031,amy.lindsey19@gmail.com,Amy Lindsey
#1030,amy.lindsey19@gmail.com,Amy Lindsey
#1029,ddacpa@aol.com,Cynthia Ashworth
#1028,becky.pitofsky@gmail.com,Rebecca Pitofsky
#1027,becky.pitofsky@gmail.com,Rebecca Pitofsky
#1026,jenvollmann@gmail.com,Jennifer Vollmann
#1025,maryannmarasco1@gmail.com,Mary Ann Marasco
#1024,russell@phoenixfashionweek.com,Russell Goldstein
#1021,patrick.armstrong@colorado.edu,Patrick Armstrong
#1019,aarmstrong@nextgp.org,Amy Armstrong
